{
  "baseline_mean": {
    "ndcg@10": 0.20426271307576718,
    "recall@10": 0.38
  },
  "rp2_chunk_mean": {
    "ndcg@10": 0.2613181853094105,
    "recall@10": 0.38
  },
  "rp2_chunk_weighted": {
    "ndcg@10": 0.2613181853094105,
    "recall@10": 0.38
  },
  "rp3_extractive": {
    "ndcg@10": 0.21433715719706797,
    "recall@10": 0.38
  },
  "combined_rp23": {
    "ndcg@10": 0.2327418892204352,
    "recall@10": 0.42
  }
}