{
  "baseline_mean": {
    "ndcg@10": 0.20426271307576718,
    "recall@10": 0.38
  },
  "rp3_extractive": {
    "ndcg@10": 0.21433715719706797,
    "recall@10": 0.38
  }
}