{
  "baseline_mean": {
    "desc": "Baseline: mean-pooling",
    "metrics": {
      "ndcg@10": 0.14992423719924003,
      "recall@10": 0.3,
      "mrr@10": 0.10427777777777779,
      "map@10": 0.10427777777777779
    }
  },
  "rp1_attention": {
    "desc": "RP1: Attention-sim weighted",
    "metrics": {
      "ndcg@10": 0.15713747661220526,
      "recall@10": 0.32,
      "mrr@10": 0.10846031746031745,
      "map@10": 0.10846031746031745
    }
  },
  "rp1_saliency": {
    "desc": "RP1: L2-saliency weighted",
    "metrics": {
      "ndcg@10": 0.15713747661220526,
      "recall@10": 0.32,
      "mrr@10": 0.10846031746031745,
      "map@10": 0.10846031746031745
    }
  },
  "rp1_combined": {
    "desc": "RP1: Combined weighted (0.4/0.35/0.25)",
    "metrics": {
      "ndcg@10": 0.15713747661220526,
      "recall@10": 0.32,
      "mrr@10": 0.10846031746031745,
      "map@10": 0.10846031746031745
    }
  },
  "rp1_std": {
    "desc": "RP1: Std-dev weighted",
    "metrics": {
      "ndcg@10": 0.15713747661220526,
      "recall@10": 0.32,
      "mrr@10": 0.10846031746031745,
      "map@10": 0.10846031746031745
    }
  },
  "rp1_absmax": {
    "desc": "RP1: Abs-max weighted",
    "metrics": {
      "ndcg@10": 0.09938365176780539,
      "recall@10": 0.18,
      "mrr@10": 0.07352380952380953,
      "map@10": 0.07352380952380953
    }
  }
}