{
  "ArguAna": {
    "baseline_mean": {
      "desc": "Baseline: mean-pooling",
      "metrics": {
        "ndcg@10": 0.8635470166029752,
        "recall@10": 0.98,
        "mrr@10": 0.8246666666666667,
        "map@10": 0.8246666666666667
      }
    },
    "rp1_attention": {
      "desc": "RP1: Attention-sim weighted",
      "metrics": {
        "ndcg@10": 0.8758099604582845,
        "recall@10": 0.98,
        "mrr@10": 0.8406666666666667,
        "map@10": 0.8406666666666667
      }
    },
    "rp1_saliency": {
      "desc": "RP1: L2-saliency weighted",
      "metrics": {
        "ndcg@10": 0.8758099604582845,
        "recall@10": 0.98,
        "mrr@10": 0.8406666666666667,
        "map@10": 0.8406666666666667
      }
    },
    "rp1_combined": {
      "desc": "RP1: Combined weighted (0.4/0.35/0.25)",
      "metrics": {
        "ndcg@10": 0.8758099604582845,
        "recall@10": 0.98,
        "mrr@10": 0.8406666666666667,
        "map@10": 0.8406666666666667
      }
    },
    "rp1_std": {
      "desc": "RP1: Std-dev weighted",
      "metrics": {
        "ndcg@10": 0.8758099604582845,
        "recall@10": 0.98,
        "mrr@10": 0.8406666666666667,
        "map@10": 0.8406666666666667
      }
    },
    "rp1_absmax": {
      "desc": "RP1: Abs-max weighted",
      "metrics": {
        "ndcg@10": 0.869917942949021,
        "recall@10": 0.98,
        "mrr@10": 0.8323333333333331,
        "map@10": 0.8323333333333331
      }
    }
  },
  "QMSum": {
    "baseline_mean": {
      "desc": "Baseline: mean-pooling",
      "metrics": {
        "ndcg@10": 0.10395082924886784,
        "recall@10": 0.18,
        "mrr@10": 0.08035714285714285,
        "map@10": 0.08035714285714285
      }
    },
    "rp1_attention": {
      "desc": "RP1: Attention-sim weighted",
      "metrics": {
        "ndcg@10": 0.09508003690098958,
        "recall@10": 0.18,
        "mrr@10": 0.06869047619047618,
        "map@10": 0.06869047619047618
      }
    },
    "rp1_saliency": {
      "desc": "RP1: L2-saliency weighted",
      "metrics": {
        "ndcg@10": 0.09508003690098958,
        "recall@10": 0.18,
        "mrr@10": 0.06869047619047618,
        "map@10": 0.06869047619047618
      }
    },
    "rp1_combined": {
      "desc": "RP1: Combined weighted (0.4/0.35/0.25)",
      "metrics": {
        "ndcg@10": 0.09508003690098958,
        "recall@10": 0.18,
        "mrr@10": 0.06869047619047618,
        "map@10": 0.06869047619047618
      }
    },
    "rp1_std": {
      "desc": "RP1: Std-dev weighted",
      "metrics": {
        "ndcg@10": 0.09508003690098958,
        "recall@10": 0.18,
        "mrr@10": 0.06869047619047618,
        "map@10": 0.06869047619047618
      }
    },
    "rp1_absmax": {
      "desc": "RP1: Abs-max weighted",
      "metrics": {
        "ndcg@10": 0.0967319023455196,
        "recall@10": 0.18,
        "mrr@10": 0.07188888888888889,
        "map@10": 0.07188888888888889
      }
    }
  },
  "2WikiMultihop": {
    "baseline_mean": {
      "desc": "Baseline: mean-pooling",
      "metrics": {
        "ndcg@10": 0.14992423719924003,
        "recall@10": 0.3,
        "mrr@10": 0.10427777777777779,
        "map@10": 0.10427777777777779
      }
    },
    "rp1_attention": {
      "desc": "RP1: Attention-sim weighted",
      "metrics": {
        "ndcg@10": 0.15713747661220526,
        "recall@10": 0.32,
        "mrr@10": 0.10846031746031745,
        "map@10": 0.10846031746031745
      }
    },
    "rp1_saliency": {
      "desc": "RP1: L2-saliency weighted",
      "metrics": {
        "ndcg@10": 0.15713747661220526,
        "recall@10": 0.32,
        "mrr@10": 0.10846031746031745,
        "map@10": 0.10846031746031745
      }
    },
    "rp1_combined": {
      "desc": "RP1: Combined weighted (0.4/0.35/0.25)",
      "metrics": {
        "ndcg@10": 0.15713747661220526,
        "recall@10": 0.32,
        "mrr@10": 0.10846031746031745,
        "map@10": 0.10846031746031745
      }
    },
    "rp1_std": {
      "desc": "RP1: Std-dev weighted",
      "metrics": {
        "ndcg@10": 0.15713747661220526,
        "recall@10": 0.32,
        "mrr@10": 0.10846031746031745,
        "map@10": 0.10846031746031745
      }
    },
    "rp1_absmax": {
      "desc": "RP1: Abs-max weighted",
      "metrics": {
        "ndcg@10": 0.09938365176780539,
        "recall@10": 0.18,
        "mrr@10": 0.07352380952380953,
        "map@10": 0.07352380952380953
      }
    }
  }
}