{
  "baseline_mean": {
    "ndcg@10": 0.1669652943713932,
    "recall@10": 0.32
  },
  "rp2_chunk_mean": {
    "ndcg@10": 0.31728072675253693,
    "recall@10": 0.48
  },
  "rp2_chunk_weighted": {
    "ndcg@10": 0.31728072675253693,
    "recall@10": 0.48
  },
  "rp3_extractive": {
    "ndcg@10": 0.2513012820991877,
    "recall@10": 0.4
  },
  "combined_rp23": {
    "ndcg@10": 0.24456928337529008,
    "recall@10": 0.44
  }
}