{
  "prompteol_layer-1": {
    "QMSum": {
      "ndcg@1": 0.0045841519318926,
      "recall@1": 0.0045841519318926,
      "precision@1": 0.0045841519318926,
      "ndcg@10": 0.01912744428204419,
      "recall@10": 0.042567125081859856,
      "precision@10": 0.0042567125081859865,
      "mrr@10": 0.012231161838234528,
      "map@10": 0.012231161838234528,
      "num_queries_evaluated": 1527
    },
    "2WikiMultihop": {
      "ndcg@1": 0.0033333333333333335,
      "recall@1": 0.0033333333333333335,
      "precision@1": 0.0033333333333333335,
      "ndcg@10": 0.018240880096356094,
      "recall@10": 0.03666666666666667,
      "precision@10": 0.003666666666666667,
      "mrr@10": 0.01259920634920635,
      "map@10": 0.01259920634920635,
      "num_queries_evaluated": 300
    },
    "ArguAna": {
      "ndcg@1": 0.0021337126600284497,
      "recall@1": 0.0021337126600284497,
      "precision@1": 0.0021337126600284497,
      "ndcg@10": 0.04269207686056705,
      "recall@10": 0.09103840682788052,
      "precision@10": 0.009103840682788052,
      "mrr@10": 0.027729232992390888,
      "map@10": 0.027729232992390888,
      "num_queries_evaluated": 1406
    }
  },
  "mean_layer-1": {
    "QMSum": {
      "ndcg@1": 0.05108055009823183,
      "recall@1": 0.05108055009823183,
      "precision@1": 0.05108055009823183,
      "ndcg@10": 0.11329650530840848,
      "recall@10": 0.19842829076620824,
      "precision@10": 0.019842829076620827,
      "mrr@10": 0.08756068024240911,
      "map@10": 0.08756068024240911,
      "num_queries_evaluated": 1527
    },
    "2WikiMultihop": {
      "ndcg@1": 0.056666666666666664,
      "recall@1": 0.056666666666666664,
      "precision@1": 0.056666666666666664,
      "ndcg@10": 0.11344237281023595,
      "recall@10": 0.19,
      "precision@10": 0.019000000000000003,
      "mrr@10": 0.09021957671957673,
      "map@10": 0.09021957671957673,
      "num_queries_evaluated": 300
    },
    "ArguAna": {
      "ndcg@1": 0.001422475106685633,
      "recall@1": 0.001422475106685633,
      "precision@1": 0.001422475106685633,
      "ndcg@10": 0.287138246659715,
      "recall@10": 0.616642958748222,
      "precision@10": 0.06166429587482218,
      "mrr@10": 0.18454836415362733,
      "map@10": 0.18454836415362733,
      "num_queries_evaluated": 1406
    }
  }
}