{
  "prompteol_layer8": {
    "QMSum": {
      "ndcg@1": 0.003929273084479371,
      "recall@1": 0.003929273084479371,
      "precision@1": 0.003929273084479371,
      "ndcg@10": 0.02086895745321627,
      "recall@10": 0.047151277013752456,
      "precision@10": 0.004715127701375246,
      "mrr@10": 0.013101734909200528,
      "map@10": 0.013101734909200528,
      "num_queries_evaluated": 1527
    },
    "2WikiMultihop": {
      "ndcg@1": 0.0033333333333333335,
      "recall@1": 0.0033333333333333335,
      "precision@1": 0.0033333333333333335,
      "ndcg@10": 0.016027763523544927,
      "recall@10": 0.03333333333333333,
      "precision@10": 0.0033333333333333335,
      "mrr@10": 0.010787037037037036,
      "map@10": 0.010787037037037036,
      "num_queries_evaluated": 300
    }
  },
  "prompteol_layer16": {
    "QMSum": {
      "ndcg@1": 0.0045841519318926,
      "recall@1": 0.0045841519318926,
      "precision@1": 0.0045841519318926,
      "ndcg@10": 0.02364519006863475,
      "recall@10": 0.051735428945645055,
      "precision@10": 0.005173542894564506,
      "mrr@10": 0.015293500067566863,
      "map@10": 0.015293500067566863,
      "num_queries_evaluated": 1527
    },
    "2WikiMultihop": {
      "ndcg@1": 0.0033333333333333335,
      "recall@1": 0.0033333333333333335,
      "precision@1": 0.0033333333333333335,
      "ndcg@10": 0.017405512655524057,
      "recall@10": 0.043333333333333335,
      "precision@10": 0.004333333333333334,
      "mrr@10": 0.009952380952380952,
      "map@10": 0.009952380952380952,
      "num_queries_evaluated": 300
    }
  },
  "prompteol_layer24": {
    "QMSum": {
      "ndcg@1": 0.006548788474132285,
      "recall@1": 0.006548788474132285,
      "precision@1": 0.006548788474132285,
      "ndcg@10": 0.027779206407803823,
      "recall@10": 0.06286836935166994,
      "precision@10": 0.006286836935166994,
      "mrr@10": 0.017520607893888835,
      "map@10": 0.017520607893888835,
      "num_queries_evaluated": 1527
    },
    "2WikiMultihop": {
      "ndcg@1": 0.01,
      "recall@1": 0.01,
      "precision@1": 0.01,
      "ndcg@10": 0.023087087070204432,
      "recall@10": 0.04666666666666667,
      "precision@10": 0.004666666666666666,
      "mrr@10": 0.016267195767195767,
      "map@10": 0.016267195767195767,
      "num_queries_evaluated": 300
    }
  },
  "prompteol_layer32": {
    "QMSum": {
      "ndcg@1": 0.0045841519318926,
      "recall@1": 0.0045841519318926,
      "precision@1": 0.0045841519318926,
      "ndcg@10": 0.01912744428204419,
      "recall@10": 0.042567125081859856,
      "precision@10": 0.0042567125081859865,
      "mrr@10": 0.012231161838234528,
      "map@10": 0.012231161838234528,
      "num_queries_evaluated": 1527
    },
    "2WikiMultihop": {
      "ndcg@1": 0.0033333333333333335,
      "recall@1": 0.0033333333333333335,
      "precision@1": 0.0033333333333333335,
      "ndcg@10": 0.018240880096356094,
      "recall@10": 0.03666666666666667,
      "precision@10": 0.003666666666666667,
      "mrr@10": 0.01259920634920635,
      "map@10": 0.01259920634920635,
      "num_queries_evaluated": 300
    }
  }
}