{
  "prompteol_layer8": {
    "ArguAna": {
      "ndcg@1": 0.0035561877667140826,
      "recall@1": 0.0035561877667140826,
      "precision@1": 0.0035561877667140826,
      "map@1": 0.0035561877667140826,
      "ndcg@10": 0.03282167699988505,
      "recall@10": 0.07112375533428165,
      "precision@10": 0.007112375533428165,
      "map@10": 0.021113030323556638,
      "mrr@10": 0.021113030323556638
    }
  },
  "prompteol_layer16": {
    "ArguAna": {
      "ndcg@1": 0.001422475106685633,
      "recall@1": 0.001422475106685633,
      "precision@1": 0.001422475106685633,
      "map@1": 0.001422475106685633,
      "ndcg@10": 0.007319049728773706,
      "recall@10": 0.01422475106685633,
      "precision@10": 0.001422475106685633,
      "map@10": 0.005177640046061099,
      "mrr@10": 0.005177640046061099
    }
  },
  "prompteol_layer24": {
    "ArguAna": {
      "ndcg@1": 0.001422475106685633,
      "recall@1": 0.001422475106685633,
      "precision@1": 0.001422475106685633,
      "map@1": 0.001422475106685633,
      "ndcg@10": 0.03775527054388374,
      "recall@10": 0.08179231863442389,
      "precision@10": 0.008179231863442389,
      "map@10": 0.024173327462801143,
      "mrr@10": 0.024173327462801143
    }
  },
  "prompteol_layer32": {
    "ArguAna": {
      "ndcg@1": 0.0021337126600284497,
      "recall@1": 0.0021337126600284497,
      "precision@1": 0.0021337126600284497,
      "map@1": 0.0021337126600284497,
      "ndcg@10": 0.04269207686056705,
      "recall@10": 0.09103840682788052,
      "precision@10": 0.009103840682788052,
      "map@10": 0.027729232992390888,
      "mrr@10": 0.027729232992390888
    }
  },
  "mean_layer8": {
    "ArguAna": {
      "ndcg@1": 0.0,
      "recall@1": 0.0,
      "precision@1": 0.0,
      "map@1": 0.0,
      "ndcg@10": 0.12529509214930534,
      "recall@10": 0.26955903271692744,
      "precision@10": 0.026955903271692748,
      "map@10": 0.08019062295378085,
      "mrr@10": 0.08019062295378085
    }
  },
  "mean_layer16": {
    "ArguAna": {
      "ndcg@1": 0.001422475106685633,
      "recall@1": 0.001422475106685633,
      "precision@1": 0.001422475106685633,
      "map@1": 0.001422475106685633,
      "ndcg@10": 0.24872666548658834,
      "recall@10": 0.534850640113798,
      "precision@10": 0.053485064011379806,
      "map@10": 0.1593572896204475,
      "mrr@10": 0.1593572896204475
    }
  },
  "mean_layer24": {
    "ArguAna": {
      "ndcg@1": 0.001422475106685633,
      "recall@1": 0.001422475106685633,
      "precision@1": 0.001422475106685633,
      "map@1": 0.001422475106685633,
      "ndcg@10": 0.32527012520127463,
      "recall@10": 0.6870554765291608,
      "precision@10": 0.06870554765291607,
      "map@10": 0.21168377023640184,
      "mrr@10": 0.21168377023640184
    }
  },
  "mean_layer32": {
    "ArguAna": {
      "ndcg@1": 0.001422475106685633,
      "recall@1": 0.001422475106685633,
      "precision@1": 0.001422475106685633,
      "map@1": 0.001422475106685633,
      "ndcg@10": 0.287138246659715,
      "recall@10": 0.616642958748222,
      "precision@10": 0.06166429587482218,
      "map@10": 0.18454836415362733,
      "mrr@10": 0.18454836415362733
    }
  }
}