{
  "model": "D:\\NPL-Final\\models\\Mistral-7B-Instruct-v0.3",
  "method": "mean",
  "layer": 24,
  "max_length": 512,
  "datasets": {
    "ArguAna": {
      "ndcg@1": 0.001422475106685633,
      "recall@1": 0.001422475106685633,
      "precision@1": 0.001422475106685633,
      "map@1": 0.001422475106685633,
      "ndcg@10": 0.32527012520127463,
      "recall@10": 0.6870554765291608,
      "precision@10": 0.06870554765291607,
      "map@10": 0.21168377023640184,
      "mrr@10": 0.21168377023640184
    }
  }
}