{
  "model": "D:\\NPL-Final\\models\\Mistral-7B-Instruct-v0.3",
  "method": "mean",
  "layer": 32,
  "max_length": 512,
  "datasets": {
    "ArguAna": {
      "ndcg@1": 0.001422475106685633,
      "recall@1": 0.001422475106685633,
      "precision@1": 0.001422475106685633,
      "map@1": 0.001422475106685633,
      "ndcg@10": 0.287138246659715,
      "recall@10": 0.616642958748222,
      "precision@10": 0.06166429587482218,
      "map@10": 0.18454836415362733,
      "mrr@10": 0.18454836415362733
    }
  }
}