{
  "model": "models/Mistral-7B-Instruct-v0.3",
  "method": "mean",
  "layer": 32,
  "max_length": 512,
  "load_in_4bit": true,
  "datasets": {
    "QMSum": {
      "ndcg@1": 0.05108055009823183,
      "recall@1": 0.05108055009823183,
      "precision@1": 0.05108055009823183,
      "ndcg@10": 0.11329650530840848,
      "recall@10": 0.19842829076620824,
      "precision@10": 0.019842829076620827,
      "mrr@10": 0.08756068024240911,
      "map@10": 0.08756068024240911,
      "num_queries_evaluated": 1527
    },
    "2WikiMultihop": {
      "ndcg@1": 0.056666666666666664,
      "recall@1": 0.056666666666666664,
      "precision@1": 0.056666666666666664,
      "ndcg@10": 0.11344237281023595,
      "recall@10": 0.19,
      "precision@10": 0.019000000000000003,
      "mrr@10": 0.09021957671957673,
      "map@10": 0.09021957671957673,
      "num_queries_evaluated": 300
    }
  }
}