{
  "model": "D:\\NPL-Final\\models\\Mistral-7B-Instruct-v0.3",
  "method": "mean",
  "layer": 16,
  "max_length": 512,
  "datasets": {
    "ArguAna": {
      "ndcg@1": 0.001422475106685633,
      "recall@1": 0.001422475106685633,
      "precision@1": 0.001422475106685633,
      "map@1": 0.001422475106685633,
      "ndcg@10": 0.24872666548658834,
      "recall@10": 0.534850640113798,
      "precision@10": 0.053485064011379806,
      "map@10": 0.1593572896204475,
      "mrr@10": 0.1593572896204475
    }
  }
}