{
  "model": "D:\\NPL-Final\\models\\Mistral-7B-Instruct-v0.3",
  "method": "prompteol",
  "layer": 16,
  "max_length": 512,
  "datasets": {
    "ArguAna": {
      "ndcg@1": 0.001422475106685633,
      "recall@1": 0.001422475106685633,
      "precision@1": 0.001422475106685633,
      "map@1": 0.001422475106685633,
      "ndcg@10": 0.007319049728773706,
      "recall@10": 0.01422475106685633,
      "precision@10": 0.001422475106685633,
      "map@10": 0.005177640046061099,
      "mrr@10": 0.005177640046061099
    }
  }
}