{
  "model": "D:\\NPL-Final\\models\\Mistral-7B-Instruct-v0.3",
  "method": "prompteol",
  "layer": 8,
  "max_length": 512,
  "datasets": {
    "ArguAna": {
      "ndcg@1": 0.0035561877667140826,
      "recall@1": 0.0035561877667140826,
      "precision@1": 0.0035561877667140826,
      "map@1": 0.0035561877667140826,
      "ndcg@10": 0.03282167699988505,
      "recall@10": 0.07112375533428165,
      "precision@10": 0.007112375533428165,
      "map@10": 0.021113030323556638,
      "mrr@10": 0.021113030323556638
    }
  }
}