{
  "model": "models/Mistral-7B-Instruct-v0.3",
  "method": "prompteol",
  "layer": 32,
  "max_length": 512,
  "load_in_4bit": true,
  "datasets": {
    "QMSum": {
      "ndcg@1": 0.0045841519318926,
      "recall@1": 0.0045841519318926,
      "precision@1": 0.0045841519318926,
      "ndcg@10": 0.01912744428204419,
      "recall@10": 0.042567125081859856,
      "precision@10": 0.0042567125081859865,
      "mrr@10": 0.012231161838234528,
      "map@10": 0.012231161838234528,
      "num_queries_evaluated": 1527
    },
    "2WikiMultihop": {
      "ndcg@1": 0.0033333333333333335,
      "recall@1": 0.0033333333333333335,
      "precision@1": 0.0033333333333333335,
      "ndcg@10": 0.018240880096356094,
      "recall@10": 0.03666666666666667,
      "precision@10": 0.003666666666666667,
      "mrr@10": 0.01259920634920635,
      "map@10": 0.01259920634920635,
      "num_queries_evaluated": 300
    }
  }
}