{
  "model": "models/Mistral-7B-Instruct-v0.3",
  "method": "prompteol",
  "layer": 8,
  "max_length": 512,
  "load_in_4bit": true,
  "datasets": {
    "QMSum": {
      "ndcg@1": 0.003929273084479371,
      "recall@1": 0.003929273084479371,
      "precision@1": 0.003929273084479371,
      "ndcg@10": 0.02086895745321627,
      "recall@10": 0.047151277013752456,
      "precision@10": 0.004715127701375246,
      "mrr@10": 0.013101734909200528,
      "map@10": 0.013101734909200528,
      "num_queries_evaluated": 1527
    },
    "2WikiMultihop": {
      "ndcg@1": 0.0033333333333333335,
      "recall@1": 0.0033333333333333335,
      "precision@1": 0.0033333333333333335,
      "ndcg@10": 0.016027763523544927,
      "recall@10": 0.03333333333333333,
      "precision@10": 0.0033333333333333335,
      "mrr@10": 0.010787037037037036,
      "map@10": 0.010787037037037036,
      "num_queries_evaluated": 300
    }
  }
}