{
  "model": "models/Mistral-7B-Instruct-v0.3",
  "method": "prompteol",
  "layer": 16,
  "max_length": 512,
  "load_in_4bit": true,
  "datasets": {
    "QMSum": {
      "ndcg@1": 0.0045841519318926,
      "recall@1": 0.0045841519318926,
      "precision@1": 0.0045841519318926,
      "ndcg@10": 0.02364519006863475,
      "recall@10": 0.051735428945645055,
      "precision@10": 0.005173542894564506,
      "mrr@10": 0.015293500067566863,
      "map@10": 0.015293500067566863,
      "num_queries_evaluated": 1527
    },
    "2WikiMultihop": {
      "ndcg@1": 0.0033333333333333335,
      "recall@1": 0.0033333333333333335,
      "precision@1": 0.0033333333333333335,
      "ndcg@10": 0.017405512655524057,
      "recall@10": 0.043333333333333335,
      "precision@10": 0.004333333333333334,
      "mrr@10": 0.009952380952380952,
      "map@10": 0.009952380952380952,
      "num_queries_evaluated": 300
    }
  }
}