{
  "model": "D:\\NPL-Final\\models\\Mistral-7B-Instruct-v0.3",
  "method": "prompteol",
  "layer": 24,
  "max_length": 512,
  "datasets": {
    "ArguAna": {
      "ndcg@1": 0.001422475106685633,
      "recall@1": 0.001422475106685633,
      "precision@1": 0.001422475106685633,
      "map@1": 0.001422475106685633,
      "ndcg@10": 0.03775527054388374,
      "recall@10": 0.08179231863442389,
      "precision@10": 0.008179231863442389,
      "map@10": 0.024173327462801143,
      "mrr@10": 0.024173327462801143
    }
  }
}