{
  "model": "D:\\NPL-Final\\models\\Mistral-7B-Instruct-v0.3",
  "method": "prompteol",
  "layer": 32,
  "max_length": 512,
  "datasets": {
    "ArguAna": {
      "ndcg@1": 0.0021337126600284497,
      "recall@1": 0.0021337126600284497,
      "precision@1": 0.0021337126600284497,
      "map@1": 0.0021337126600284497,
      "ndcg@10": 0.04269207686056705,
      "recall@10": 0.09103840682788052,
      "precision@10": 0.009103840682788052,
      "map@10": 0.027729232992390888,
      "mrr@10": 0.027729232992390888
    }
  }
}